<PPMCONFIG>
    <PPMVER>1,0,0,0</PPMVER>
    <PLATFORM CPU="x86" OSVALUE="MSWin32" OSVERSION="4,0,0,0" />
    <OPTIONS BUILDDIR="C:\temp" CLEAN="Yes" CONFIRM="Yes" FORCEINSTALL="Yes" IGNORECASE="Yes" MORE="0" ROOT="C:\perl\5.005" TRACE="0" TRACEFILE="PPM.LOG" />
    <REPOSITORY LOCATION="http://www.activestate.com/Packages/" NAME="ActiveState Package Repository" SUMMARYFILE="package.lst" />
    <PPMPRECIOUS>PPM;Archive-Tar;Compress-Zlib;libwww-perl;XML-Parser;XML-Element;MIME-Base64;HTML-Parser;libwin32</PPMPRECIOUS>

<PACKAGE NAME="PPM">
<LOCATION>http://www.activestate.com/packages</LOCATION>
<INSTPACKLIST>g:\Perlinstall\site\lib/auto/PPM/.packlist</INSTPACKLIST>
<INSTROOT>g:\Perlinstall</INSTROOT>
<INSTDATE>Fri Oct  2 16:14:32 1998</INSTDATE>
<INSTPPD>
<SOFTPKG NAME="PPM" VERSION="1,0,0,0">
<TITLE>PPM</TITLE>
<ABSTRACT>Perl Package Manager: locate, install, upgrade software packages.</ABSTRACT>
<AUTHOR>ActiveState Tool Corp.</AUTHOR>
<IMPLEMENTATION>
<DEPENDENCY NAME="Compress-Zlib" VERSION="" />
<DEPENDENCY NAME="Archive-Tar" VERSION="" />
<DEPENDENCY NAME="MIME-Base64" VERSION="" />
<DEPENDENCY NAME="URI" VERSION="" />
<DEPENDENCY NAME="HTML-Parser" VERSION="" />
<DEPENDENCY NAME="libwww-perl" VERSION="" />
<DEPENDENCY NAME="XML-Parser" VERSION="" />
<DEPENDENCY NAME="XML-Element" VERSION="" />
<CODEBASE HREF="x86/PPM.tar.gz" />
<INSTALL />
<UNINSTALL />
</IMPLEMENTATION>
</SOFTPKG>
</INSTPPD>
</PACKAGE>

<PACKAGE NAME="Archive-Tar">
<LOCATION>http://www.activestate.com/packages</LOCATION>
<INSTPACKLIST>g:\Perlinstall\site\lib/auto/Archive/Tar/.packlist</INSTPACKLIST>
<INSTROOT>g:\Perlinstall</INSTROOT>
<INSTDATE>Fri Oct  2 16:14:37 1998</INSTDATE>
<INSTPPD>
<SOFTPKG NAME="Archive-Tar" VERSION="0,072,0,0">
<TITLE>Archive-Tar</TITLE>
<ABSTRACT>module for manipulation of tar archives.</ABSTRACT>
<AUTHOR>Stephen Zander &lt;gibreel@pobox.com&gt;</AUTHOR>
<IMPLEMENTATION>
<CODEBASE HREF="x86/Archive-Tar.tar.gz" />
<INSTALL />
<UNINSTALL />
</IMPLEMENTATION>
</SOFTPKG>
</INSTPPD>
</PACKAGE>

<PACKAGE NAME="MIME-Base64">
<LOCATION>http://www.ActiveState.com/packages</LOCATION>
<INSTPACKLIST>g:\Perlinstall\site\lib/auto/MIME/Base64/.packlist</INSTPACKLIST>
<INSTROOT>g:\Perlinstall</INSTROOT>
<INSTDATE>Fri Nov 13 14:05:30 1998</INSTDATE>
<INSTPPD>
<SOFTPKG NAME="MIME-Base64" VERSION="2,11,0,0">
<TITLE>MIME-Base64</TITLE>
<ABSTRACT>Encoding and decoding of base64 strings</ABSTRACT>
<AUTHOR>Gisle Aas &lt;gisle@aas.no&gt;</AUTHOR>
<IMPLEMENTATION>
<CODEBASE HREF="x86/MIME-Base64.tar.gz" />
<INSTALL />
<UNINSTALL />
</IMPLEMENTATION>
</SOFTPKG>
</INSTPPD>
</PACKAGE>

<PACKAGE NAME="URI">
<LOCATION>http://www.activestate.com/packages</LOCATION>
<INSTPACKLIST>g:\Perlinstall\site\lib/auto/URI/.packlist</INSTPACKLIST>
<INSTROOT>g:\Perlinstall</INSTROOT>
<INSTDATE>Fri Oct  2 16:15:15 1998</INSTDATE>
<INSTPPD>
<SOFTPKG NAME="URI" VERSION="1,04,0,0">
<TITLE>URI</TITLE>
<ABSTRACT>Uniform Resource Identifiers (absolute and relative)</ABSTRACT>
<AUTHOR>Gisle Aas &lt;gisle@aas.no&gt;</AUTHOR>
<IMPLEMENTATION>
<DEPENDENCY NAME="MIME-Base64" VERSION="" />
<CODEBASE HREF="x86/URI.tar.gz" />
<INSTALL />
<UNINSTALL />
</IMPLEMENTATION>
</SOFTPKG>
</INSTPPD>
</PACKAGE>

<PACKAGE NAME="HTML-Parser">
<LOCATION>http://www.activestate.com/packages</LOCATION>
<INSTPACKLIST>g:\Perlinstall\site\lib/auto/HTML/Parser/.packlist</INSTPACKLIST>
<INSTROOT>g:\Perlinstall</INSTROOT>
<INSTDATE>Fri Oct  2 16:15:15 1998</INSTDATE>
<INSTPPD>
<SOFTPKG NAME="HTML-Parser" VERSION="2,23,0,0">
<TITLE>HTML-Parser</TITLE>
<ABSTRACT>SGML parser class</ABSTRACT>
<AUTHOR>Gisle Aas &lt;gisle@aas.no&gt;</AUTHOR>
<IMPLEMENTATION>
<CODEBASE HREF="x86/HTML-Parser.tar.gz" />
<INSTALL />
<UNINSTALL />
</IMPLEMENTATION>
</SOFTPKG>
</INSTPPD>
</PACKAGE>

<PACKAGE NAME="libwww-perl">
<LOCATION>http://www.activestate.com/packages</LOCATION>
<INSTPACKLIST>g:\Perlinstall\site\lib/auto/LWP/.packlist</INSTPACKLIST>
<INSTROOT>g:\Perlinstall</INSTROOT>
<INSTDATE>Fri Oct  2 16:15:15 1998</INSTDATE>
<INSTPPD>
<SOFTPKG NAME="libwww-perl" VERSION="5,45,0,0">
<TITLE>libwww-perl</TITLE>
<ABSTRACT>Library for WWW access in Perl</ABSTRACT>
<AUTHOR>Gisle Aas &lt;gisle@aas.no&gt;</AUTHOR>
<IMPLEMENTATION>
<DEPENDENCY NAME="URI" VERSION="" />
<DEPENDENCY NAME="HTML-Parser" VERSION="" />
<CODEBASE HREF="x86/libwww-perl.tar.gz" />
<INSTALL />
<UNINSTALL />
</IMPLEMENTATION>
</SOFTPKG>
</INSTPPD>
</PACKAGE>

<PACKAGE NAME="XML-Element">
<LOCATION>http://www.activestate.com/packages</LOCATION>
<INSTPACKLIST>g:\Perlinstall\site\lib/auto/XML/Element/.packlist</INSTPACKLIST>
<INSTROOT>g:\Perlinstall</INSTROOT>
<INSTDATE>Fri Oct  2 16:16:03 1998</INSTDATE>
<INSTPPD>
<SOFTPKG NAME="XML-Element" VERSION="0,10,0,0">
<TITLE>XML-Element</TITLE>
<ABSTRACT>Base element class for XML elements</ABSTRACT>
<AUTHOR>ActiveState Tool Corp.</AUTHOR>
<IMPLEMENTATION>
<DEPENDENCY NAME="XML-Parser" VERSION="" />
<CODEBASE HREF="x86/XML-Element.tar.gz" />
<INSTALL />
<UNINSTALL />
</IMPLEMENTATION>
</SOFTPKG>
</INSTPPD>
</PACKAGE>

<PACKAGE NAME="XML-Parser">
<LOCATION>http://www.activestate.com/packages</LOCATION>
<INSTPACKLIST>g:\Perlinstall\site\lib/auto/XML/Parser/.packlist</INSTPACKLIST>
<INSTROOT>g:\Perlinstall</INSTROOT>
<INSTDATE>Fri Oct  2 16:16:03 1998</INSTDATE>
<INSTPPD>
<SOFTPKG NAME="XML-Parser" VERSION="2,27,0,0">
<TITLE>XML-Parser</TITLE>
<ABSTRACT>A Perl module for parsing XML documents</ABSTRACT>
<AUTHOR>Clark Cooper &lt;coopercl@sch.ge.com&gt;</AUTHOR>
<IMPLEMENTATION>
<CODEBASE HREF="x86/XML-Parser.tar.gz" />
<INSTALL />
<UNINSTALL />
</IMPLEMENTATION>
</SOFTPKG>
</INSTPPD>
</PACKAGE>

<PACKAGE NAME="Compress-Zlib">
<LOCATION>http://www.activestate.com/packages</LOCATION>
<INSTPACKLIST>g:\Perlinstall\site\lib/auto/Compress/Zlib/.packlist</INSTPACKLIST>
<INSTROOT>g:\Perlinstall</INSTROOT>
<INSTDATE>Fri Oct  2 16:16:03 1998</INSTDATE>
<INSTPPD>
<SOFTPKG NAME="Compress-Zlib" VERSION="1,03,0,0">
<TITLE>Compress-Zlib</TITLE>
<ABSTRACT>Interface to zlib compression library</ABSTRACT>
<AUTHOR>Paul Marquess &lt;pmarquess@bfsec.bt.co.uk&gt;</AUTHOR>
<IMPLEMENTATION>
<CODEBASE HREF="x86/Compress-Zlib.tar.gz" />
<INSTALL />
<UNINSTALL />
</IMPLEMENTATION>
</SOFTPKG>
</INSTPPD>
</PACKAGE>

<PACKAGE NAME="libwin32">
<LOCATION>http://www.activestate.com/packages</LOCATION>
<INSTPACKLIST>g:\Perlinstall\site\lib/auto/Win32/.packlist</INSTPACKLIST>
<INSTROOT>g:\Perlinstall</INSTROOT>
<INSTDATE>Fri Oct  2 16:16:03 1998</INSTDATE>
<INSTPPD>
<SOFTPKG NAME="libwin32" VERSION="0,15,1,0">
<TITLE>libwin32</TITLE>
<ABSTRACT>Win32-only extensions that provides a quick migration path for people wanting to use the core support for win32 in perl 5.004 and later.</ABSTRACT>
<AUTHOR>Gurusamy Sarathy &lt;gsar@umich.edu&gt;</AUTHOR>
<IMPLEMENTATION>
<CODEBASE HREF="x86/libwin32.tar.gz" />
<INSTALL />
<UNINSTALL />
</IMPLEMENTATION>
</SOFTPKG>
</INSTPPD>
</PACKAGE>

</PPMCONFIG>
